ids,scores
114455,-1.8854741438394262
59353,0.7681530337199904
68154,-0.7965057508409605
81930,0.10705848393037194
32273,-1.1945780839019493
89671,-0.3600591290699053
109831,-0.5762977011164995
17868,0.3295730388423781
35278,-0.3881301362608805
3195,-1.2163748069335332
123336,-2.0842747353369337
12331,0.6749044963953704
121895,-0.004218029876779932
4162,-1.2187139662767845
47463,1.1692939532674473
106056,0.7623851340303861
50022,-2.515708460727921
38568,-0.6615098728818568
108291,0.4752968238449397
65062,-0.30640601350692026
32446,-1.1428503711683669
99521,-0.7767448752121784
110298,0.43989931453787656
57725,1.79542384075047
84049,0.20345604834889833
30118,2.1888047973779012
37296,-0.11434649234493295
12364,0.15292644720231313
26031,-0.4517276621288106
93379,-0.4800604434996149
9198,0.9615722015565487
41773,0.4530745325281316
97021,0.4468738946990163
59541,1.4335974779297271
51596,-2.048382410787654
57432,-1.347814540191829
59457,-1.602491893833109
74178,0.488395340936025
105438,0.2779519307320055
95612,0.7344492394789346
82853,1.4039391571880961
5332,-0.3217806238012956
17453,0.236948729569868
17032,-0.9175761045989698
83359,-0.6579610878279692
15927,0.2198075630010215
5225,0.1820032452323705
18108,-0.0694074773367293
37060,0.7882875195621534
91564,-0.5409426071209287
105783,0.06964168165173328
49614,2.415302583865096
15626,-0.16168923535587967
9644,2.475178642579027
78523,0.19747678546717976
26444,1.1781435041037116
116512,-0.5535235325359831
122657,-0.4057003983624167
97365,0.40765153909007207
45452,-0.326358755665214
80,0.17932599982829914
36607,-1.4073736196042184
115682,-1.5034975488001694
70543,-0.6098828954721122
63551,-0.7334453006930584
3280,-0.17179004407351522
47459,1.9572070212874528
49086,-1.0695779143429174
120353,0.39614128260726467
59309,-1.0108091494103655
86262,-1.116626500055144
24272,-1.6320307573738666
58123,-0.8055777862630105
76847,0.053152620396487466
24417,-0.16574635359205786
79998,-0.28135578433007935
54012,-0.224054337036453
29615,0.8344727879856678
2056,0.7266080102211291
87089,0.5188033522606833
30737,-0.38333159662609834
33491,1.1162778586183542
60947,1.5887217409625445
36640,-0.2266592375846636
22473,-3.020590200209842
14240,0.7256439732124648
3438,-1.0809993215479141
43595,-0.08380348464554481
118583,0.4390711591082463
14806,0.7835072658395404
32050,-0.03289380086968234
994,-0.5640080303379004
25914,-1.8810306502114837
47491,-0.5850147862813088
17558,0.10612484679760585
12293,1.0520710678371024
94534,0.8530040525537259
34791,1.4031656078753834
52014,-0.04059347661416647
55574,0.2924268193087323
107589,-0.8374989299051409
70908,1.0073149814925153
104757,0.6343701411037537
86398,1.3826184721087331
19938,-0.5349937067775752
109690,-0.575661210827004
43174,1.4354510839042038
82205,-0.05410370055126356
25820,-0.05633253389524117
37769,0.23491275305478426
88555,0.1336082185958944
47908,1.007012432713157
1533,-0.8976026045569226
43714,-0.9038408778029053
29713,-0.6840291053570579
20467,-1.2788498983802976
63068,-1.2035335976959796
100939,-0.06195753214073904
120092,0.05669190043175558
922,0.8177927338242365
105582,0.8821139646716569
4192,2.0115558835867398
81387,-0.768803501572762
84644,1.4143644402261646
38730,-1.1752890317270221
55060,0.21989711885526364
73472,-0.2193081152999387
117015,1.4064368145930781
85577,-1.4744665456151143
111397,0.5004692232044474
72788,-0.01970229236230326
120418,-0.2061458915241242
42038,0.37540636228896584
99346,-1.5325143619771506
74601,-0.03284822179982071
48335,1.2801211872310847
1035,-1.4595847041013
5094,-0.23108279373127763
2359,-0.464225769679091
76996,-0.708107418055218
86153,1.407902198356167
29110,-0.6788401927557105
20382,2.2461759599726445
95960,0.05520126042995985
33421,-0.6341298538938696
8061,-1.2713415990934505
105669,-0.9267220255381236
39381,-0.501032478973422
107744,-1.6004774465205325
21492,0.5255852363834163
114193,0.30949455405224063
42263,-0.6611820380092095
116891,-0.3394024286521668
88204,0.18294662863493613
110506,0.8718209179334381
88158,-0.2720856054911319
123432,-0.0442842131908124
43313,-0.19632173036682174
22269,1.5440056331965692
105451,-1.4559753858955367
64932,1.8466282931737523
6232,-0.44187519698194216
85232,-0.006945143080030475
92677,1.6622274185554977
20739,1.4949257203565725
60472,-0.18401430253798562
115602,0.5237410884114537
24181,0.5922277957990281
117185,-0.6572386988913069
77471,0.9132440323961568
85286,1.2519780446371958
41528,-1.637395780302028
60325,-0.1388952580473568
83755,-0.21683352001542136
13230,-1.0269208274657151
112829,-0.6644367948815352
30988,-0.06081264740698011
6941,-0.06739170478219318
90292,-0.22644646387506817
29512,-1.3048568646186833
42810,-0.5963030723542082
37754,1.136225420391583
105856,0.39731520863124065
27514,-1.5180741428507607
31215,-0.5534663360366431
68008,-0.19914824868935116
32007,-0.17812986841266884
10796,0.3494145664656105
48138,-0.5470200137898106
45834,2.841103582741083
121813,0.016222810171813682
77002,-0.12412297977194184
111372,-0.22231602980300685
77503,0.4878006890222791
58275,0.07183874979563465
17919,-0.8418277295727076
57709,-1.6239549374209339
111602,-0.38454319824908706
50384,0.4181513028667669
48644,2.809933447727791
107856,-0.405300212984042
51466,-2.1791891354905113
9931,-0.39526369598032657
12497,0.2267704637986225
102419,-0.13068786856485856
4988,-1.0556721604631647
24467,-1.7466417185236525
23180,0.9107523955691011
68875,0.026445181857838698
100259,-1.4972355791016558
94236,-1.1306884146604756
29936,-0.020806835889360248
10077,2.2755301254142415
95853,1.1072108168997794
38739,0.1391221172893072
44205,2.0840688831237077
121231,1.0462748864335203
36903,0.8370863260766137
34855,-1.5093576298254565
24169,1.6082804808826145
78472,-0.9456770873965558
31552,-1.3526367928174516
72926,-0.1153607837954102
25181,-0.5684451071592299
28921,0.9621969065776774
62945,0.11924238393261914
95218,-1.6441525783153483
26354,0.5607458958369719
32213,-0.8546129202936379
122397,2.245891005863888
61790,0.6935059271070388
66637,-0.08736079539910342
70653,-0.5414708530837118
122908,1.247686753778595
103059,-0.2700732903156735
77301,1.3289394271285067
10990,-0.5197167786455922
67832,-0.6729327804924898
85095,-0.4860701804533572
69554,-1.7386009376830687
47193,0.5011014748602491
77570,0.003935144711829327
39368,0.2771451199396176
41057,0.48924282670865327
86286,-1.6572173579385594
118172,0.597098675141066
55968,-1.3215610851979607
57527,-0.7672195575583937
98039,-0.0035910000093091333
65798,1.9659702593825887
55869,2.376068331124895
32800,0.3573086828227531
5548,0.46802543876937575
18193,-1.85038733017106
9896,-1.0837397847618877
81452,0.12490461142863805
16385,0.660867866316868
48333,-0.5145260777431736
87551,0.229409260548236
99364,-1.2645922100387912
112162,1.1964844756228172
94248,0.2818465062883593
79401,1.4525491271845332
120525,-0.44708622284226707
114424,-2.1738382310249675
109997,-1.359112666636207
33008,1.152840332215937
65394,-1.1599247448634458
22555,-2.0069508224119392
4245,-0.6196777109760923
105979,-0.3478056676313485
37365,1.2066494812963182
112857,-0.7549957765116226
106663,2.541433190302187
21643,0.08849057886832135
122114,0.7271868462313696
105224,1.3353491381182754
84027,-1.7521530226452213
11669,-0.45081769678157174
50388,-1.6830600211837055
98570,-0.7334993231069291
3755,-0.790207248652178
11291,0.5430383152774059
50849,-0.5726594500399033
118572,0.9785302797728226
55380,-1.9290746860301973
9582,-0.7007671788613972
82527,0.36420858405782347
46894,0.5390361156372544
95395,-1.5366022179652128
40765,-0.09841478011474056
53041,2.4580489737882982
71298,-0.5051173686683855
91134,1.653424469196113
10854,-0.12052350383686439
36210,1.2321389009973778
2484,-0.557458942413512
98775,-0.5617767544992788
70251,0.13192091350138788
22915,-1.3103419917625378
112594,-0.1781903103604268
51225,2.853766810017249
35731,-1.1064059062161598
75619,0.3118063731220672
84688,-0.8702612063764129
75182,1.2641013367867562
96635,-0.7389550822099871
59494,0.1916753095556255
40932,-0.9976699382813602
90357,-0.662259344011271
11475,-1.4892472151123415
111311,-0.5667765201394409
48895,-0.0320604562863899
8380,0.2927729894518017
87911,-0.5280001061413804
15374,0.5819033807700992
78975,-1.0578953623004723
50871,0.6631336932147437
52357,-2.338334340617166
50303,-1.4088402371968787
4748,-0.8124083757139718
29837,-0.5013887999179143
50782,-1.3997982844569423
21146,0.4285660920653805
117703,0.7544610840249442
3541,0.5050937212294617
18854,1.2484816041494957
18422,-0.7907675397947477
68479,-0.42170426004433226
36365,0.23976383358778
51637,0.8899592584308268
64228,-0.9122113545897578
28947,-0.919960862567924
47348,0.40526684762875875
121477,-0.980752706865855
99172,-0.08413240843629208
81509,-1.4270011289142595
13914,0.05551773763999654
79388,-1.359527646327761
63125,-0.6787448616727053
89091,0.5713801366732995
21046,0.24804969836859272
52967,0.8697277568844572
2509,-1.2551407745351701
51899,1.4687883764097829
51814,-1.0558217532465644
73970,-1.040495041932206
110097,0.7353264755385174
114122,-1.770095991601021
107087,0.03205240414919118
17549,-1.3632198753998992
7872,-1.0342109950338667
76235,0.021222195244515494
20680,1.2436782547563823
90801,0.3634173857662822
76911,1.744178840827559
61307,-2.2866969968912905
29611,-0.33874633778452695
36318,3.033874416458221
85818,1.0842926796304944
28224,1.1137243508771044
64429,1.2560841032903354
121250,-1.308250724954293
17609,-0.7431176667359111
30965,-0.2021793156538471
30296,0.9047731864075801
96040,-0.9926281899595661
111134,-1.058155505984394
96136,-0.20511070279726643
117133,0.8052618401087241
69251,-0.7968393238237417
91463,0.5481206600291839
26794,0.8020285819229357
119406,0.21974017408313906
107103,1.965640223686884
14973,-0.11242689640621777
69304,0.9753594886509507
64212,-1.2727100993008928
64585,0.18305732884235582
98365,-1.789305904135623
25025,1.5824815420450618
94065,0.3657402583480283
86377,1.3535720589337314
1187,-0.4147436805010233
1591,-0.8379604048485362
27153,0.5863122364472149
91617,-1.8280615824560118
32138,0.5578462294381191
60219,0.31051430196105106
12613,0.05288311159184838
25533,0.5386877463512214
106448,0.3204985156912014
74713,2.7326001862510623
61907,-1.2077829872656316
73910,1.532410668847915
79259,0.46834253783966495
115777,-0.3750643657236911
77388,1.8669364287660986
9844,-0.7637445051391119
114563,0.27429382056462315
99597,-0.9199030299159804
89243,-0.5822730790238755
65678,-0.9512471979037028
111739,1.9353639543199863
83268,0.9430122464147171
101512,0.35583349509254664
81620,1.1271901324800988
33671,0.2625553710259152
48672,-0.9690678426616646
21349,-1.5040997892370154
94228,-1.6434461821345232
9179,0.19986612549812896
51511,-1.2898835358742848
62107,-0.08103147219670498
31314,0.4044257085306763
8662,-0.17709349382060838
39487,0.3394190966132969
93717,-0.3836298945439718
89405,0.6231289106598932
48795,0.27135918685361193
64013,1.205523559392
118004,0.27487604248981495
49742,1.0905831199583862
3741,1.0109514749595652
8034,-0.406471975602805
37519,1.684726376635002
81,-0.6349586552339694
103944,-0.8014501337610918
74679,-0.42601259029433786
25988,0.4569127231399169
27662,-1.6501985292380836
13101,-0.7488334161559715
28446,0.5843241093647933
70512,1.6237350486726205
27364,-0.06873616361520431
58839,-0.7931510799389071
95072,-2.056523378471635
3925,-1.1937416581001878
79242,1.5235459020703237
62293,-0.5536027515444417
66437,-1.9552350367007232
61565,0.5644796885490623
55885,-1.2701764112973084
60371,0.18499407488160252
79331,0.31936725464891164
30572,0.8701724471648168
2163,-0.6716052700274255
10381,-1.7156274703026972
57993,0.29897173981069064
73517,-1.4428467251910078
3384,0.2271320255885528
104708,-0.7308346955864519
37984,-1.785772229823438
118266,-0.06979935776112166
24856,2.2450692793508074
112586,-1.4054328901997548
105531,0.7422145731397187
2620,-1.4204269670621208
94751,-0.9174044320825282
113080,-0.21512130095158427
74705,-0.36731869557945485
39618,1.0057331137158054
80451,-0.5679288471168505
112328,0.3508332680564597
42173,-0.28427321658909926
51734,-0.09327710318454431
35846,-2.1906643056731565
10996,0.17009254043246874
86098,0.7229059134603055
10380,0.6273915734303273
61807,1.562267390096727
116882,-0.42289188497821784
64803,-1.338436196778873
16294,0.8250778044329286
106186,-0.4908070085317323
105796,0.5141957926645041
119506,0.003881386920322863
78195,-0.35738965394126126
10072,-0.7370768982846194
104458,0.5944613262567193
36241,1.8108773907016114
8330,-0.2917624623945052
68966,-0.8539238891108664
41870,0.35137994073984646
87524,-1.8034551889248713
3603,0.2938770449701727
39305,-0.5848074988006288
64928,-1.3689975643462045
30739,-1.0837906553866186
104159,-1.3494991622447947
9982,0.49279547327493733
71078,-0.6786714557183229
25064,-0.8442706587928109
105056,-0.25896902267508554
40002,-0.10859977158818435
24296,-1.1083352840858056
7172,1.0129155479983907
29137,1.362753916120754
38561,0.4032698069052964
35944,-0.04934312345069773
66785,-0.6167525834691009
2178,-0.9063698440203795
45315,1.2136448129943072
20110,-1.0415918958026529
46616,0.30115113058551846
122198,-1.0561298600722724
98091,-1.2356212174793237
85487,1.8037923980380182
74138,1.3065639215824907
25663,1.4264671743149475
120812,-1.0761640789364824
16702,-1.8630241651479234
79072,-1.2009958736667818
41944,0.7793016489370904
15475,1.0940228317037515
49305,0.43542726321567105
32221,0.4867699888968385
48923,-0.6165364854885601
44052,-0.4920005646414809
28344,0.5024549903695508
113676,1.4092980504750499
36061,-0.5151454741768046
32059,0.42842358606501435
1488,0.4607222906636596
12143,-1.5866552371032665
89292,0.4346012200319049
64849,0.7303849266466297
16614,-2.467522841536642
15229,-0.3183559170662318
8714,-0.3191435105377832
87905,1.718509413574297
43617,-0.2508389221311468
73469,0.3519341016125961
93468,-0.528366157094049
108286,-0.678717694503687
25750,0.25567319535819294
81266,-1.0869581526724832
94246,-1.2772740760735077
31561,-2.3133437744531498
86395,-0.8940789934598308
28786,-1.6044207840222395
2383,-0.009188142635836923
107302,-0.47495250476126644
60837,0.8355145593132007
92912,-0.1898625183598993
1262,0.6131303776903543
41194,1.4868807608613257
12261,-1.2291882530683331
15146,2.0593921509422373
120335,-1.1614850853215994
88075,0.8234315594113999
16181,0.8549700453701048
75992,-0.24213486642143278
87826,-1.7302432584242258
82480,1.6099814121802527
7706,-0.8442911440793611
116475,0.9745948640217375
101129,-0.5031423340171649
40427,-0.34536897292082186
7132,0.8716441095032857
31910,-0.144977081155494
114964,1.2821581196740945
105503,0.2730486950433431
70880,0.7927038786020008
114905,-1.6982509375840642
44626,1.3130282116714442
4947,-0.3916290183088659
67980,0.9815680766600865
53336,-0.3510258624497783
46348,0.36875754770967883
23290,-1.3163502440867696
101133,-2.1138656208877116
89716,-0.3975638052576019
35066,0.9690637821367114
84184,-1.4629410682175945
42334,-0.6193519325918307
49259,0.3138903412133146
74424,1.2634191034880724
123126,0.7267946799019576
44479,1.7561848207745485
41075,0.07245947976250712
77774,1.7788630294853183
76266,-0.7052143210773443
64801,-0.49697912701606295
93328,-0.5864887292409644
55485,0.2465805384877449
120,-0.6956796190197656
101113,0.4414923315606447
41499,0.1130205878479582
13284,-0.8870614592136186
44636,1.170076349261469
51345,-0.1465928291266563
76662,-0.6708573166590953
104677,0.7277875375423118
74413,0.049422773167057586
74508,0.2803520690827806
58418,-0.6393718697933158
102946,0.39019356204623556
44259,0.569403651343981
24958,-0.293836434866463
47828,2.5052703639678375
32647,0.047092708370314526
58251,0.7816977819495659
46654,1.7424103976320418
97966,0.480116839532408
122872,0.9191172319212205
77755,0.9484088444636763
86324,0.7388280041707119
24569,-0.5586467639978474
104467,-0.18363521351146248
96498,0.8279057087045975
58817,0.8857775329468857
11966,-0.6077365795048775
39318,-1.076526570414817
18926,0.7855744643081705
110112,0.010836186738749422
56126,0.9228236644855615
50143,-0.703592973459662
8386,-0.2778941249729855
26461,0.05794425352708096
56719,0.3485496984962913
104475,-0.023511664742113428
117267,-1.4986773325369496
79688,0.07576962451601175
108345,-0.3012888664754064
645,-0.011890291796688195
89244,-0.5626612740320401
77374,-1.5385916897204712
19727,0.2341197484753531
27054,1.3623374059263123
113285,-0.31036580909673567
108034,0.033736282223923206
99256,-0.6942666115630654
97204,-0.9375174809605327
13382,1.2829083058360904
119048,0.5948804705480999
63459,-0.5805141845392972
58340,-0.13199497067324134
7189,-0.125503482410174
31485,-0.7320764959659262
30391,-0.2248322556972373
24023,-0.5161390737776993
98541,-1.3719015845590432
93483,-0.9359996881292317
79580,1.5777973088043382
24271,-1.5605123188386296
91124,-0.6361674802476986
18359,-0.6414099809385704
76962,-0.9050246589993531
116049,-0.0047710394112553504
76270,1.0916464625959181
81440,0.23854110593191716
56328,0.09825987751305462
73593,0.18836197143951042
38179,1.8066646102805364
45573,-1.4241621561950766
100280,2.0472972346524743
33234,-1.2169383896366963
42236,0.9403277912884156
119157,2.8036893210989815
14846,-2.7432529848488048
2246,-0.4059167736433384
89603,1.8329520741088594
62058,-0.670870598743814
10342,1.3663984429334621
43210,-0.8606543945046948
71894,-0.5876703121104916
95324,-2.148751976205661
89314,1.270552944248167
13023,-1.6968198570263187
49905,0.033338485872663415
49703,-0.9466992294974017
37120,0.683947923093048
79257,0.04540499705520373
56454,2.2311677172782782
2364,0.23002747662351766
1033,0.8746471946024726
1777,0.03712726422934441
111391,-0.14361982641100118
93609,0.4037460040288091
96586,-1.490516184477555
96971,0.8469104387063228
66586,0.20446835520453288
123390,-1.7167010215470162
84065,-0.030069532239078076
65033,0.6569067237042356
9097,-0.7674804057101128
110818,0.009043425606674513
112818,0.43199919792716923
94012,0.07629472938602715
74311,-0.2525134040104156
84015,1.5315280175459582
119455,-1.037355755564428
25340,0.2080958637328624
29252,-0.5847156345568125
122624,0.10674744066840777
41340,-0.48345036867937
105752,0.14789067891109076
104262,0.40571851105842355
82475,0.026907555538607412
41049,0.4868366539544916
29825,1.678200202613391
60773,0.8583954975924771
122979,0.030690306765343497
101880,-1.2342638952641733
84833,1.9720247080641746
118852,0.4217041940685657
52186,-0.8209151119366102
108784,1.5809964368024678
42654,-0.05564775276463117
64111,-0.045843668524939075
23002,-0.4849850528288348
113846,0.910613968742574
93916,0.7673694483616774
7820,-0.9215899094251949
104794,-0.9000293408550465
115381,0.19123427074088636
21364,0.8517566895655442
27095,-1.1071412386694204
70807,-1.115498821836302
16247,-1.292387375713477
106838,0.5229000834649739
8955,1.4699389245000327
76195,1.0636312974456914
22169,0.6373072451922074
112710,0.1429374502370746
106653,-1.3438536290176906
109789,0.1519537049491401
57745,0.9006309948046871
29394,1.7514563444119535
52665,0.10396038606162428
113164,-2.3562007271826153
104471,-1.8748530678953634
40791,-0.23756572936222825
15902,0.11416649887006654
97726,0.5176939555684308
104666,-0.45889944419232687
30910,-0.34846259413653163
109540,-0.2311977819470422
54589,-0.5026493073800921
51986,0.20507187432483304
73095,0.26229241946286697
35974,-0.4520468406036505
67193,-2.875772299017882
85059,0.05660757782937988
19907,0.9733930025547085
115562,0.48417905119086074
121395,-1.1083069590757693
71937,0.30041697806279166
9715,-1.2899127796941623
110351,1.8237626595779286
101292,-2.831733364270595
44216,-0.4852579736596157
63258,-0.7824680534393551
34769,-0.9023058171584176
122892,1.0489742296726163
94591,-0.5288037338765966
93019,0.4582597306497442
91957,-0.1027231421048259
100096,-0.8812397189180043
34157,2.711064568710448
63483,0.3463988550011103
42184,-0.2835946098369728
5549,0.20595090308416328
16194,0.08080042231057676
26999,0.014466705903987243
13841,-0.8470417508845746
41471,-1.0901646521423352
14636,-0.6231642159069923
115863,0.6066183604981588
88639,-0.2000622443028408
23681,0.4160977724927976
92715,0.3616590150226736
47513,0.004776910904514143
99227,0.285757052495752
66966,0.2106455949934832
23763,-1.2636780413622353
113232,0.45592750218631695
28362,-0.7184399902982976
120296,-1.4950873823101705
60441,0.44641008561110945
55077,0.5061232809474698
61630,-1.1362162838445027
25868,0.704136574693221
112362,0.21010328372866666
81020,-0.26482434183356834
47063,1.2364597459093296
6475,-0.22670228777070245
70860,-0.49298395793524324
5367,-0.9894496524278218
3668,-0.1126675930713788
50249,0.033954218003743375
13689,-0.37981002528096464
66512,-0.6072930100053642
97767,0.5060925044490996
111287,1.135758914610288
16447,-0.0796758167666672
17036,-0.506112410917444
87308,-1.2223020063140966
105245,-0.9155538372597406
41162,-0.4726748631515606
65893,-0.40370402785828396
48507,0.06755108464508604
68348,-0.7817942444378093
86637,0.4613560492397649
120173,0.025081175605868877
42634,0.4870448570190418
64997,-1.940733262736491
30254,0.1733675056555576
66051,0.37382747039387254
48335,-0.3026591662733307
99382,-0.20955355120412625
79208,0.43144457098509836
41934,-0.6064572260615773
97671,0.023412002570008795
120631,0.8593533863784674
83144,1.5058046545899697
1627,0.19124162399533728
103247,-1.1458280572986752
104815,1.0801377541799553
6031,-1.3448535876239915
26909,-1.8101532976885848
48635,0.14097731008458583
73958,1.7486344874553672
58766,-0.180543198331513
121416,1.058851329855064
22091,-0.20288788704782976
83895,-0.33501379470018317
90901,1.729728377205925
94918,-0.15050196523217985
18029,0.11226461130449379
110706,0.5270901572956307
105481,-0.7495515903450481
112736,0.9187597965919896
95436,0.1103674122577285
32113,-0.9358330220470623
25513,0.2120458743812868
109841,-1.5084301175459243
68553,0.3666222247386167
110172,0.026601969725429463
65675,-0.29013400453820265
13721,0.9804430078387616
72141,1.528139503443007
47591,-0.3049702329959515
37602,0.759319634164855
42513,1.0937913012981015
94793,-0.8749174147351779
115951,-0.6027566905311016
56771,1.0803804725951176
46046,1.3701282365113763
2952,1.295466195798925
22621,-0.15753639730643068
100636,-1.5065158772014273
23708,0.716626511787279
19518,0.9260625297836339
19521,-0.9580364328362744
90699,1.126112530891052
3668,0.4028491073975255
77098,0.411055350494682
16836,-2.5895625573905225
58281,0.17000456290613417
63156,0.20545699035543694
26648,-1.354207852242641
57431,-0.4644020016314134
167,-0.4797908348761945
47746,0.11487744012206763
93005,1.316165390979076
16032,0.6411293945359747
85193,1.8670954466087193
96906,0.7538388612860252
96066,-0.6143047633241756
121277,0.6225821015632753
102086,0.9256257472052778
53846,1.2904077867121806
75039,-0.13922687941839534
26060,-0.40398790360874404
120256,-1.8097505995946173
88897,-0.5996748111240812
39155,-1.4732265189104874
107276,-0.07767599670051617
21948,-0.0015859644633535609
37741,0.22194828920413165
86913,1.8805657651005177
102126,-1.6791909352341083
68322,-0.6093775015084251
19211,0.7537431858784365
49410,0.3657894503341973
87775,-0.5385620860312235
24786,-1.3958590141522143
45829,0.6137937297383886
57021,-0.28565003229915625
96818,-0.8991109707312295
29036,-1.4029843344119908
23413,1.0117038504662503
3822,-1.6017142489342189
34071,1.1499965891130923
8603,-0.10502509995593812
88651,1.1148464942776395
25990,-1.3452914959080724
100296,-0.156272240678764
51527,-0.8260077912030752
13058,1.2364829764543364
109709,-0.3194804842697887
52931,-1.0151697263976835
16753,-1.8036360780389027
6826,0.9045076850685425
20146,0.46264189689346114
75137,-1.4086501284690023
121932,0.3418775733443919
47534,0.3383502505493322
107908,-0.45974681885327534
41545,1.0112043025029305
121542,0.45429016313923026
61495,-1.738448937217462
31375,0.9118158485090454
11716,-0.46843958445198053
22142,0.899616484625084
75310,0.47975250446163864
46338,-1.6428032558807173
55224,-0.8182159554569703
36177,-1.465512493918364
116516,1.2906319766960537
57293,1.105529954969595
16820,-0.9057376973293606
101901,1.0006783515534934
79387,1.397645644442184
47799,-0.5066625673547623
106147,-0.6413476323661292
71150,-1.7628388136998927
25583,0.6585200133020399
9929,0.7152974806273366
57610,-1.4414849212889842
4654,-0.4675749970771396
115784,-1.0328346266296473
92673,0.6310117041506869
72039,0.13917116235949664
107001,0.9940179447593402
48784,1.4621095664240045
44956,-0.9430257694847554
25926,0.702937220687277
56925,0.6049614510575752
99765,-1.095954462376097
41825,-0.5814660453109423
71475,-0.7061742446995433
121350,-0.23585529402271374
115662,-1.1032656436436137
37652,-0.37014835636239646
16095,-2.0551052656342934
117883,-0.6092495788941714
93438,-0.5184973733410049
93622,0.14620507608592997
58381,-0.19712578159871605
38563,-1.3641886099180889
75885,-0.5978188987476856
58772,1.531028588378257
94873,0.5933635395355611
69052,-1.2379881993452593
87542,-0.5066570095014872
56951,1.5033582155096081
96213,-1.8045624599202783
455,-0.9770874295189499
46069,-0.6833241211698353
10747,0.6851017819528448
104832,0.514615801571331
85831,1.1079986239967994
3933,-0.008331854947514658
42233,-1.431270808242038
83589,-0.14490050395815934
55158,-1.1416158349730219
73403,1.8519315984651987
47225,0.3989614298656674
23149,0.7049922384347518
60523,0.22024655115767638
39685,1.5897613120944052
14548,-1.5679397790402976
93443,-0.9066106765639674
93611,-0.17412682051012188
56458,-1.1391289374618068
58295,1.6820040156987799
80835,-0.7585808885174993
73881,-1.1581104552899748
7270,2.1540318867006976
12623,-2.017229579360553
94663,1.151556501933243
29196,0.44476973256831637
51263,0.6505439282192137
59827,1.1777602864858363
53465,0.17847278935993685
17760,-1.278328539747167
87636,1.2299380215101747
25750,-0.9511382285175236
42405,-1.0203977525423924
105254,0.7970914183665374
65661,0.6165168512144701
122575,0.13002344969032345
80638,1.5939652701750977
95173,1.1441721111618808
70595,0.03663452381470948
95085,0.6719448010697967
72315,-0.4693517929639286
14339,0.23908849144617977
103390,1.6643365437491129
31413,1.9918470325523856
81085,1.5873814149293353
31446,0.5301339228037191
54612,2.0556629169843017
111057,-1.0318563138654648
99995,-0.12012095119863576
76213,-0.7853782225445705
82239,0.20449675335572878
43500,-0.7614888532375261
32667,1.4175169410906272
98992,0.5754962467842081
85334,-1.4463275553785786
113251,1.1424322425203832
1406,0.3802648212506983
1701,-0.9567999547537508
107645,0.6338308644234348
104144,0.8367859184729198
117042,-1.2005379452314584
77763,-0.607830964656428
44461,0.9729799498563758
22713,-0.022741073438380617
14665,1.0306967809325425
24417,1.3981144637601104
86546,0.8227782724230164
23339,0.3224300915412685
77360,-0.24218354503622838
118115,-1.9294281621068816
24404,0.14096942004424803
76170,-0.25860103002253537
110018,-0.1320048705951554
21252,-0.8712902534998658
104973,1.4951624791671725
51747,-0.907012678368848
112139,-0.5188760503099761
67907,-0.22830415386652322
78287,0.17594527601149884
121903,0.8226151381562563
33749,-0.8487969582954635
84834,1.056781312694502
89029,-0.5703807444060048
72439,-0.43522747781617616
4739,-1.0584352399383532
120280,-1.0323330041754053
22822,-0.6404330970061376
101235,1.291728610597646
65271,-1.5966368801811606
28490,1.052628911742607
17331,-0.012765220008814745
44894,-1.5216464918973949
100871,-0.8985695505250064
18491,0.2600984369479576
70846,0.28140692672198353
122501,-0.2330991255674295
78813,1.522054770088741
103818,-0.6225505698969638
59461,0.2178556012507838
58671,-0.308493862883167
14932,0.1540320292641898
51654,-0.6869737430846562
117912,-0.9882485224799002
4586,0.6170271485552002
89293,0.7774598725439104
84600,-0.41409469616895794
34484,0.43488121992418155
69508,-1.3159648820604852
116617,0.887996929814312
30285,-0.9291769666946365
113449,-0.10736203132631383
123142,1.1290166965692214
30066,-0.20136197667625633
19592,0.6479132515725843
22060,1.0068049630437914
53183,0.9573121821799739
47490,0.16265399122643526
5551,1.9925771662083063
38683,0.031634957044756974
107857,-0.9761730140727719
107833,0.3272900631198458
6566,0.018717753286266098
15766,1.002354230833211
36395,0.377090069473542
109865,-0.8497968247930855
79632,1.314889343295051
108933,0.022968192290366136
76232,0.6835539465179296
97010,-1.5680422681099468
79593,-1.2350065519768365
11757,1.8222801779996662
65072,-0.4325303361636291
27976,-0.3168124044818194
117277,1.3070487231631958
22894,-0.8634728738830324
105710,-0.13291048109236886
40564,1.159366418848187
47060,1.2647046573795873
98950,1.6537208162456654
63971,-0.6981307456028659
75959,-0.730001993033234
80222,-0.16648762191428557
58295,0.8392793347235943
62520,0.41106972071022485
33001,-0.9579294206042801
122545,-0.3297938067977592
96606,1.2317934595315863
58463,-0.07920354985632254
79419,0.8312321427000723
57430,1.026963845028396
114561,1.0585704087332213
75388,0.29555063234595047
97966,-1.120062063405482
21843,-0.47308899507072083
66520,1.2496655083045811
64206,-0.6502022537997875
113158,0.44887875460126714
6716,-0.4041726394152806
44358,1.3103561524483969
46103,1.6572621788259292
97346,0.9639368935731003
8654,-0.8853457696723065
93929,0.8468285889312871
97925,-0.18978718837288727
35436,0.29426159261084267
72244,1.0723902090161082
22648,1.4836717719096635
102311,0.4932811055095842
14873,0.6074429605781703
104531,0.1132482242289526
70770,-0.4787565443909055
117389,-0.19367468022745804
120010,-2.0197816353101508
28208,0.42778714656714
109611,0.956466375893741
60,0.5719075018747044
3233,-0.45637580223864505
44006,1.4386183870778169
35606,-1.7753525345993906
102510,0.5432188640557509
20653,-0.5800664103134524
62485,1.1091499138697487
47303,-0.2160096549426099
119244,0.3732864488445082
53816,0.6810751060526379
78192,0.8898101839765431
54414,0.16495326381769623
25267,-0.38949917348670093
17986,-0.26888295530857964
76733,-1.73767839785087
72626,-0.924166926112178
86282,1.3365444862600773
70196,-0.8318056921797543
56962,-0.947896120670236
27079,-1.9581176501237658
68253,-0.9362442022664896
110692,0.3382857713433559
86698,0.378743646831756
8621,1.0436817458959555
80402,0.4095305635031737
86590,1.9712700650619455
63148,-1.2998172681789477
58036,-0.5536528373315142
112561,-1.3996018541790944
31044,0.7473941188159077
51123,-1.2349758013829173
69856,1.320572281043577
123232,0.17433973327685898
70995,-0.3497914543312926
54229,0.5588531624183019
52455,-0.5034002703433512
101607,0.6673294165872657
82658,-0.23847770365452423
36857,-0.09666236868257377
117215,-0.49885102503289425
103480,-0.38015944970108445
79035,-0.1368288672494958
122232,-0.7959766808281266
27366,1.3862194262227758
15672,1.564468638712837
6092,0.7757833420856494
69476,-0.22598611591258239
104942,0.548639098201174
63114,0.7530673444604534
112881,-0.29973274121324156
58162,1.5889386483446601
54038,0.6855615343320347
68303,-0.10993074406830228
37511,-1.1303589794527449
116671,-0.7864157189573419
29130,-0.06288661874585066
111899,1.1242190372229823
96582,-0.1918003020646532
81347,-1.183522743673286
35699,-0.7760866053186567
41957,-0.15365508633242447
64569,1.2274937261612262
10797,0.3734737794969057
110210,0.2840448722283857
10484,1.211348978473735
33312,-0.8974787256602114
115932,-1.2214818221825128
37916,-0.42119348459475736
97572,0.9615225375897686
113424,0.8747513922335818
93516,0.27659513298134114
6616,-1.7255635713452802
15247,-1.3297144073149203
43840,-0.6667887299809373
44455,-0.47100315533079395
6823,-0.5969008750664875
73252,-0.9481664636554421
115657,0.10270010286873257
15963,-0.5843612210310897
23339,0.13857648654586602
65268,1.2230370482872972
120700,0.12097507668464602
10012,0.8321285264296193
93243,-0.8938837308048304
66991,0.5271639447089145
78674,0.2898116307413013
13919,-1.355452687658107
111090,1.1366555855757703
85702,-1.5374196291085493
61004,-0.34043413722619714
108932,-1.3499269877208775
101446,-1.269500570273913
26347,0.12430659366261254
30419,1.6013597872983019
90860,-0.045714421893827406
56344,-1.2388804913114295
103139,0.6738257171859091
103792,-0.004268611208307059
56014,1.3501954298845333
7175,0.4455455584663932
65620,0.40903574436993034
102243,0.6860240705797023
21277,1.8698692751852288
82574,-0.8117247778273124
21624,-0.1390261653463172
98057,0.9975584236886212
2258,0.8274814447961074
82671,-0.5231233104945046
70863,0.8627912211842388
117407,-0.5835868365537306
7734,-0.2700268318076945
73047,-1.4537246391459062
122554,0.9864458294548253
34533,0.9614797121626777
88501,0.7705865633719303
101061,-0.6350528231415318
20220,-0.5071398605831853
9837,-0.04477735488599613
7898,-1.5910009312724496
21361,1.102358690888228
13365,-0.021673806944478683
56848,0.1281910892221125
73375,-0.2969206680638679
15937,-0.3925675404698632
101556,0.7551871990854836
120802,1.3394014035365664
22680,1.2773071164504648
121077,0.31961695963990566
33639,1.0738818751587063
92056,0.13219834489682236
60516,-0.4318725935354146
27596,-0.7348029509968572
122305,-0.48035575174017037
40775,-1.6516766859196634
16109,-0.3716420996344208
111734,-2.220300878445096
109969,-0.8481501955029038
113643,-0.22831196351397984
56455,-0.3575980055140831
113738,-1.6503158355869645
81582,1.9280216936111105
105656,-0.391185242462682
18368,-1.1745678825374282
108344,0.07232456080085196
104726,-0.09618219969247918
35544,-1.4075194055228657
67662,-0.31304701132596746
4382,1.2450071571216084
72765,0.31798253838755597
45188,-0.6352228098500514
60170,-0.5723467353060302
2115,-1.1690637785372942
85670,-1.7028754259702552
92221,0.16609881544883087
108380,1.7149325340871333
105063,-0.5274754391314115
102350,0.25431341339379
67812,-0.7252997557489993
47653,0.5629102038567417
46101,0.19212864269027347
117431,0.19477003780627775
29621,1.1600366538148903
79449,1.7262515147153494
119390,0.8494148069421257
49369,0.6887491635500952
78455,-0.9573862851308337
20287,0.1709759177121289
119876,1.1312208333148885
68253,1.6365609820727542
90938,-0.2963152379985784
26546,-0.5683161380139128
35885,-1.0505750927335016
107884,0.18358275705373037
13120,-0.8608463928172801
98438,0.11731044731159432
51196,-1.4607211181136266
99978,-0.863362583898275
63337,0.14898539895310367
71028,0.6603049282905675
46437,1.5276121790644466
45914,-1.6989069694733618
28622,0.1762380122970832
92145,0.224841165377018
123372,-0.37615603864122577
77179,0.7333311006508997
6998,0.0013706798743923453
72756,-0.6291366596080055
115047,0.42392986079354594
105679,0.4577895610925841
123271,0.31766318721774717
104207,0.33562059998622346
48461,-0.9043699154744888
80236,-1.3197207238043487
40384,0.6320161186075984
24142,-0.5490377871480374
69717,2.5700554202471273
73633,-1.0247633449786566
110666,-1.7853289977394347
77149,-1.4338055584603926
71682,0.40403541917503244
103017,0.32955807929451364
27236,1.4466061256084486
48179,0.8264333578976857
33929,1.0965792489045745
86407,-0.22061096608249686
16044,0.05040260391180822
15755,-1.3461251847426214
77723,0.08857893806582759
112681,0.3956875593033037
109103,0.34537872062432673
20607,-1.415012829073026
26185,0.7478343784942205
123350,-0.39404849038711853
25649,0.9586898794708067
84768,-0.706294329784633
8681,0.15975144476864547
28355,-0.7012006596404281
119990,-0.6839236289197134
92751,1.3763929711882272
54158,2.4973585004575023
105422,-1.1909801755823313
4817,0.6456615167056159
118004,-0.3912003116769552
96894,2.772431814274315
101911,1.4417771424588512
121445,0.260434185940899
47033,0.5632340077477939
93830,-1.356941900397828
77438,0.1408068432298939
38592,1.112607842224079
54868,-0.7503524433154501
51182,-0.06301327638503924
105571,-0.968693543214327
87193,-0.13407818124777046
44476,0.45727452104810756
35073,-0.025352272499416885
97582,-0.8206782297438935
52478,0.17949379594565806
11912,-0.8189081082327248
34780,-0.6009153733102837
26406,-0.33706176984364267
89669,-1.6189353461834413
91712,-0.0666029501949457
3879,-0.912199037507725
87702,1.8888075747110384
111132,0.017127093721926702
109431,-1.3575770031967334
74013,0.6168776652872957
76841,0.23337797128554943
120849,-0.3695909545711949
89495,0.7322108648773303
45293,2.71173605802886
55303,0.37898481485520497
95011,0.1210128648409478
108088,0.11363927810917715
18625,-0.1392079077808769
92262,-0.3100520139185781
117798,-0.30230452406595865
34091,-0.31244210872611816
78145,1.1026180229249232
22809,0.5378804591420318
84871,0.5927859373164611
123243,-0.9120936202732018
80076,0.9304508718238748
104859,0.5374868977856566
56736,0.8765659182447444
59837,0.305894540648501
67517,0.07578430895029277
6028,1.082195664631539
87736,-0.10344124039748724
10339,1.5274576226953278
21282,-0.3800812986658894
6619,-1.6043145114844894
123265,0.14573744184185947
61037,1.6512581867722718
17915,-0.4660493837074352
82359,0.23762916849172525
108332,-0.6507284349951998
43556,-0.8673517065406673
107849,1.0441596237877586
81933,-0.2899734487359903
30317,-1.5390736711563986
98549,-0.8483321236226874
24311,-1.2104825369809622
74762,-0.35467235511139483
74142,0.2923634030648753
42269,0.18121278259218915
115835,0.27674014953420234
110284,-1.1402559341092575
93971,-1.224725168570747
16278,2.408462529080276
17067,0.40478249396435734
118910,-2.5801245139267537
103660,-1.3058205895733985
27170,-0.7965257337994721
40962,0.35733686036131906
43494,-0.03769164162274174
30010,-0.7588829532246617
58091,1.0684449850579139
121555,0.029872709996294187
19622,0.619157365148184
79988,0.49411049578490446
2386,-0.0016777554586895928
88872,-0.04847124473768147
120167,-0.20629534316592146
109000,1.2990001727674747
42539,0.520446120340582
54392,1.2800838002713117
75253,0.5059397165744536
98936,-0.03212867070192013
116513,0.13963931810581284
18384,-1.254546494592491
92337,-1.9986242023556569
49551,-0.6993027344553969
118952,-0.11839921219769996
107823,0.5262446659601272
49979,-1.0762766333055775
11020,0.6027708834916107
20815,0.7834705653256203
41208,-0.6945308089130241
103958,-1.0166401833138254
7059,-1.101261877582892
80550,-0.03681985506349559
54145,0.4893471027363555
82384,-0.6741907354813665
73180,1.7995666429945003
18503,0.8014550092384795
66830,0.004097297195118001
12023,1.2119991633973528
11289,-0.4141160494374521
91880,0.1588626981135058
55978,-0.8620075874930192
5911,-0.6953964352174562
22815,-0.06629692701127292
18999,0.01846245240443416
198,0.2152872217571967
49401,1.6734397591058972
118156,-0.9697641963643302
85021,-0.9802934279945934
51026,0.8200625675812159
8309,1.7938549400925348
93232,-1.3742742740933327
12521,-1.5205439909863674
85916,1.9543078552276518
111737,-0.7126359023756484
19787,-0.18129828176428572
23571,0.012581842488576116
115478,-0.916240662979049
105496,1.290087982813702
22282,1.6321947640143846
104143,0.3960719418895815
106031,-0.39437455718927555
68366,-0.08840699161191092
36447,1.2439722806196327
87485,-0.6619476813152028
62982,-0.11126981088534287
106405,0.9508326714295697
62332,-0.045759427484989505
65536,-1.7050250045122655
11524,-0.13527523825269475
122256,-0.34885861331316176
97112,0.908543401322988
104692,0.06353012852280761
52633,-0.2758838388135826
19899,-0.28539192862384055
5992,-0.5593075164268265
86371,0.4262873089237652
43798,1.7892608600947442
44499,0.9730959392995978
58601,0.11945886497717047
1158,-1.5034777268822381
32062,0.9978341933524781
86436,1.4157472475353567
80090,0.8794111668190184
24000,-0.8530386024855439
50210,-0.5130661410727996
11424,1.3621296570704502
24336,-0.4338232372596405
74264,0.8389150751499421
86754,-0.8219401027070481
11672,0.2819080309022492
121593,-0.6825104245058207
110162,0.6384422453295062
43798,-0.38012061129320157
118095,-0.4364627742821193
32265,0.2365022126118927
107651,0.19324096152758763
98317,1.9566223084410554
37967,-1.6219193162903547
120982,-0.7863624956400435
45815,0.37182368737243104
120423,-1.0652638032480137
74253,-1.6615809421705374
37074,-0.5752204715543953
14332,0.165383785933832
43298,-0.8063201520135324
19322,-1.5091144542129538
73226,-0.026282692919632797
2069,0.8576068579540734
32391,-0.3308308595488697
53661,0.26383020705737575
86322,0.3087294205100993
10962,0.602461493447289
77230,0.4413032141489736
78269,1.2680130951838473
50874,0.39675708749205074
1519,-1.9415313897945663
13819,0.5419112148154387
18743,1.1015140656004376
59613,-0.24603385588314744
8611,1.4317930900621647
70390,-0.1157087577317665
65937,1.8972814980009916
88521,1.1649057133066576
53527,0.31622913199218566
109580,0.3413909539961729
29499,-0.935185363630294
4087,0.17136394057056137
68244,-0.09652154169226083
1802,-1.648756611172115
59653,-2.2202179944784195
3195,0.017826514394413753
102769,-0.9583077318750963
17426,-1.1457410492674165
38944,1.0521768392585114
59517,0.08361289759320223
37951,-2.33826379902234
90962,-0.8573600155281512
31904,-0.9679430823424078
69732,0.8020665021412042
19303,-1.00786832581925
1744,-0.0011635573397845882
69973,1.6993874707061534
108227,0.21207001493229202
14874,0.5941024332993915
58774,0.14072435630084085
113242,0.9393283153141319
77312,-0.13106995751742548
20496,0.9997615924825343
60113,-2.097442165041384
56293,-0.14433937410431863
91814,-0.8207109321127656
49837,0.46058957343747514
118341,0.2915784463260897
108985,-1.0296909732112924
44475,-0.88600578370611
76905,-0.9189839971939595
108214,0.09927483794180054
119584,1.1524713391136532
43970,-2.0068885318030034
112545,0.38924639411624345
90907,0.385444588475524
90236,0.4791896978242831
34048,0.391664076937857
52147,0.23739533038862684
80688,2.0001441312420893
16444,0.5063291256609107
85060,0.6338501732773565
3244,-0.46346852428615476
6911,0.8493251283754899
36339,-0.04432587551547571
15439,1.7807650995231292
118660,0.4690636734700907
56832,-1.1921115192874543
31784,0.17316800466681706
101172,0.10743402073663558
7450,1.1682178752672854
69316,0.9778459078347008
93611,1.4832309837318116
80294,-0.8377968406271097
16529,1.65043662315204
29817,1.0411156808400557
63998,0.6474141468626862
67449,-0.603352075899577
44149,-1.4418255808097016
23156,-0.08091379588306137
119893,0.2956533024381025
106825,0.19891430677485555
9473,-0.8012409905081617
73679,0.5482097956984732
43465,1.4399545519509092
61317,-0.5998443818929727
3008,-1.068026635241868
36831,-1.0700352746205823
95083,-0.49511590214577145
101727,-0.25858557691571143
39196,0.8437812557771068
105760,0.6898183366985806
22691,-0.4334219308938484
31944,1.3925687328915635
47941,0.02217671038650966
118936,0.05280005598642262
25018,-0.26264666641272316
91285,-1.0571738076071182
27508,0.9984267636734253
78851,-0.3392828053632643
36904,0.015232745409690551
9616,-0.5337104291733162
26640,-0.5263709553544801
18174,1.0336033281537669
29354,-0.3310250384904857
120536,-1.0574050743640684
70848,-1.077246273752786
44012,-0.6385049945037716
70072,-0.7783430554633868
59310,-1.4764588079937557
108020,0.9776465226056515
20289,0.979092082992954
38083,0.15660038211037208
76569,0.5592056589174406
90896,0.6387011925824436
28066,-0.5795010600116312
7750,-0.23800734519725486
122242,-2.290426079968332
89756,-0.1231042636108621
107962,-0.6145465561650717
72459,-0.2497987659728284
109756,0.5525808145596456
62139,-1.1581883688594554
46650,0.5806204203774147
14379,1.4565410325541175
25075,-0.1031729886623551
74244,0.732379634938664
71526,0.13856023396168007
24686,0.7665170673660407
10130,1.8644944142337874
33187,-0.2922061466258259
70778,-0.5925056913237271
106113,-0.03076848155266761
70076,0.8759504163820617
81737,-0.28699616147813367
101824,-1.381260682868383
43488,1.1276855690251137
117887,0.09768500792723579
46800,1.000166018675345
106937,-2.4785694440799886
92133,0.3384610798300564
57244,-1.229129546849246
5881,1.3616590802106643
118159,-1.3930039611481566
82859,-0.6766670766136431
32600,-0.2711180872278806
21431,0.2386612137623938
96270,0.15733732646981288
36148,-0.7137655701217566
25257,-0.23435026215837132
9440,0.38508574093304637
11471,-0.4895149674953807
108496,-0.4041646984552672
37839,-0.5373720117916005
18594,-0.8935620900643416
92829,0.27671770378496807
117981,1.2022859565056414
40414,-1.483681649574977
67826,0.7128269899899754
60965,-0.08821762842425347
119621,0.30362446073928373
76038,0.6044180816841992
74919,1.6195777646131855
87358,0.11431880531037326
61271,-1.0546049421507637
16298,-0.7038159338851504
59236,1.271217066640673
122601,-0.1984657034361609
21941,-1.1624986351073154
87571,0.47000274583179863
107647,-2.046917384934852
75284,-0.8330420155777355
112657,0.7313019971501129
5668,0.2533797294129735
8002,0.3426408853169139
56594,-1.814510409531848
54075,-0.25211411582054477
53301,-0.6459940068392648
72144,1.907798177235331
84593,1.0616470413587482
47272,1.308005606865657
114096,0.056749325730727926
69078,-1.0092404752506616
91564,-1.3445988076828086
48887,0.8082332422102989
100647,-0.6194443770142063
86073,0.7020256258659321
114220,0.6052306057894549
28897,0.1161470243313261
2359,0.07902133239376594
20063,-0.9858525469193994
97796,-0.004199891166021972
7665,1.5253482884599245
95328,0.7032689479101923
86579,-0.49836443554437326
46694,-1.3332243454826793
36971,0.8868820753297467
117770,-0.8748010658156756
71056,-0.47012124434434144
50229,0.9740843264546949
109733,-0.08576296787160965
58972,0.2121526264303974
16373,0.002312301701515454
54520,-0.6373240563043702
43353,-0.32921206322414903
103369,2.125302823590981
108291,0.21584735562990906
10564,1.119432136480233
64815,0.278122513118444
33995,1.1911631481757508
102337,-1.2598833126956683
109678,-0.41153522825349775
87081,0.32082078326071806
32137,1.083752894152643
101563,-0.40389432759449306
21743,0.8055278767852239
70182,-1.4432306723891428
119214,-0.7182441352139746
37208,-0.05238369190409013
72223,-0.0709364446149635
92471,-0.25078144453932855
50154,-1.4191565236061292
3657,0.3351166853264925
77410,1.906766130194086
72871,-1.4391704438576816
94690,1.7589342829036592
86438,0.9988592117794958
108192,0.7154975759137836
69796,-0.31891885626656497
106405,-1.176193619751358
35647,-0.24482593516219706
80947,1.0324816460717003
84669,-1.2983217379063245
63115,1.7512235021840532
14154,1.1637040974466173
23254,-0.052956618896329855
12121,-1.2491386970425504
103377,0.11657192748334737
23682,-1.0973328546910508
86976,0.257552607308145
11727,-0.21431595883119298
57144,-1.06111101668189
109190,1.1201052612005946
27560,-0.9445585146274503
116880,2.195163772346855
72122,-2.3459786216293237
32334,0.19852286530672078
60530,0.025065021749547767
40060,0.4326814580711221
33494,-0.5971021701232703
12056,-0.5517842364674034
70175,-0.4806757865753018
21817,1.3576582380374416
50309,-2.2194002763690177
27568,-0.258382408093535
3832,0.31460575717478134
28632,0.10198620885991579
25845,0.7821552229928781
80390,-1.8889635643898848
93487,-0.45378181218840535
10916,0.832130205340531
102762,-0.696090973445365
59415,-1.4872457821261704
66600,-0.069743722430663
2685,0.12031492560749414
2570,1.0195539424853368
121706,1.0816253168338081
23450,-0.20733561116330423
17796,0.35182779935529873
98187,1.175572323529704
105359,0.9018819686459818
40029,-0.5833478619141332
82259,0.18614309401101153
61994,-0.6063043561563896
51956,-0.22961462718245376
36293,-0.5021811943792691
36795,-0.8521097507135093
55367,1.9198041620694948
85196,0.6831789171464592
43143,-1.878348496152703
101326,-2.103199759204955
41769,0.19156289886266503
84359,0.924641478919768
115495,0.5677706200434981
79579,0.2197540129654609
30663,0.48722917340087546
19671,-0.9379261256816758
94089,0.7011271086385277
119764,-0.6447670782297337
35108,-0.024984945941458836
21195,0.9274205100215224
8768,-2.382889362653642
52675,-0.40392931730706516
86890,0.0385207012134775
21700,2.2672088516992552
28333,-1.6975539975155265
80345,-1.3402106807370913
30147,0.5634274278257212
32099,-0.7181399947513969
30424,-1.101874145291804
78105,-1.1780543515467727
66885,-0.5718957628904378
25671,-1.6265777726669384
751,-0.37795911801083604
72097,1.170749644361294
15782,-1.0132231770786504
78235,-0.21103637009247153
107511,-0.6782075241594973
53342,1.7216211848102914
40804,0.681306163592339
12117,0.6227347699027488
24403,0.8754111721578947
101187,-0.3408603690486433
88945,0.57120679265905
60616,-0.0006970678633061911
114220,0.9460523582661734
35355,-0.3054643763127044
71497,0.34643020602212915
123065,0.5144835783337761
4883,-1.3282918246822735
21325,-0.8742416096058983
58183,-0.8474640276522564
26360,0.34176154109421986
46273,0.09910986422509704
60900,0.22653271854035617
119814,0.6126996799764229
122434,-0.8583424581679273
47781,-0.6477363399759962
108692,0.9564739178526706
28314,0.9104327805656872
110559,1.269623363920552
41050,0.6015038352080218
32381,-0.2349715037147979
99078,-0.12956473476556576
26648,0.8367782557080873
7508,-0.7186563789373738
75984,-0.18300438937552824
93647,-1.4060412826993933
82703,-0.5172994235995336
41372,-1.8470076312948152
85270,-1.1266968376630737
12622,0.04307654701258558
120248,0.4698534884269164
86074,-2.186674046255189
25866,0.8187055846941992
31553,0.6395457523320813
9076,-0.03539913502683854
68708,-1.3375555758194853
34716,-1.063580437714304
91412,0.06231687028629561
91465,0.8016254424063408
3355,-0.2437528941444598
87410,0.10316375035705203
119173,0.9028057178433787
49400,0.3624482272802886
48258,-0.6231843705868428
91349,0.26986107780444574
120596,-1.0550026931861716
93758,-0.012865901537870822
89699,0.7692074419311294
122337,-1.610395210772405
84907,-0.5758758221448003
90228,-0.09211738340067287
82113,-1.0951123397899851
89604,1.036646180812237
106194,0.6569202798723102
96358,-0.3259122095110637
97018,-2.412935796024896
48535,-0.16061183286174655
98194,-0.1684122313835079
117161,-0.7078015545869247
35988,-0.9126196626086135
24995,1.5181028120993736
56315,0.22173260933132752
80603,-0.3721423401693308
74117,0.406810768039499
17242,2.018412245257174
63036,-0.0942004872088877
48920,-0.18229920960822316
105303,-1.9414043812721171
57263,-0.15132775542622362
115097,-0.941508127931461
34539,0.4403651896473585
13421,-1.6853492130339522
92737,1.1150030001005302
2728,-1.6325940977425522
117696,-0.17642109707946882
21887,-0.6435783211960088
91453,0.7769516456648731
74477,1.3533601232887011
45204,1.8279334060694046
78545,1.0425718781019788
62189,-0.9234834743735012
68908,-0.9660625934732462
74780,-0.06799937873799952
2046,1.306880080188563
55690,1.4384830731014226
5184,0.35177621019133665
94517,-0.13719839385650695
7540,-0.16602911048668903
102341,-1.2975960050699182
100680,-0.2816180349328935
47531,1.2449123295940345
84264,0.25283889743375154
93097,0.13565180594702717
26032,-0.09933081740061327
68566,1.1525749255774012
14638,-0.6865581375757397
33904,0.1782652424482628
41930,-0.03283281595646754
93216,0.07086114523644371
96632,-0.5743347152832273
59251,-0.18028906391807212
23602,-1.2688266423871861
61411,-0.40401717790459923
43594,-0.7857230058772181
76852,0.15476201914018956
87748,-1.4551486891750018
8322,1.0392916955778535
67922,0.46097112024804343
18245,-1.1274255208102664
50960,-0.22878149822933308
72777,-1.6503487795040315
81337,-0.34792735550825277
3679,0.14943709235129599
64961,-0.9799463327670179
92793,-0.7698218261651691
71684,0.9840857278447105
5154,-1.501204499696914
85514,0.0874990063767667
17724,-1.712987493402937
49474,-1.0275714830697598
58765,0.709995902849084
89340,2.1407093044842207
63066,0.16469325984898833
125,1.2915688472443814
9900,-0.8492776424393371
103191,-1.5629759711564926
109357,1.6509874107623288
46365,-0.9122802349512324
120558,-0.5429198196683424
20684,-1.0645107338915356
10942,-1.6382634340576454
69051,-0.3964223193549049
3939,0.1091893699666455
95045,0.7740536283977397
55366,-1.8947056528257893
22310,-0.5359924635744151
17735,-0.8078689589076451
19890,1.2086946063963795
40265,1.1276715092679908
39302,-0.6282929772436556
122987,1.125310994086797
10898,0.2557519927881589
18234,-1.9372670836719472
77807,0.1703847319250575
79080,-1.752359007373992
111857,0.23505989841622124
31730,1.5627741971439877
74312,-1.4294263078828489
54952,1.3211734651315024
101081,-0.5476786676933115
4456,-1.9901084546910748
83886,-0.6301375466018425
87583,-0.5946580497121247
111603,-0.217096921738529
68774,0.5930759508136921
73945,-1.3011307151595113
105012,0.9353450400076185
7640,0.39419533595792083
